split,condition,n_samples,start,end
base_2011_2021,overcast,32506,2011-01-01 07:30:00,2021-12-31 16:30:00
base_2011_2021,partly_cloudy,39977,2011-01-01 09:00:00,2021-12-31 10:00:00
base_2011_2021,clear_sky,23854,2011-01-03 10:30:00,2021-12-28 07:30:00
base_2011_2021,overall,96337,2011-01-01 07:30:00,2021-12-31 16:30:00
incremental_2022,overcast,2653,2022-01-01 07:30:00,2022-12-31 16:30:00
incremental_2022,partly_cloudy,3586,2022-01-02 14:00:00,2022-12-30 16:00:00
incremental_2022,clear_sky,2520,2022-01-04 10:30:00,2022-12-30 16:30:00
incremental_2022,overall,8759,2022-01-01 07:30:00,2022-12-31 16:30:00
test_2023,overcast,2995,2023-01-01 07:30:00,2023-12-31 16:00:00
test_2023,partly_cloudy,3639,2023-01-01 08:30:00,2023-12-31 16:30:00
test_2023,clear_sky,2125,2023-01-01 11:00:00,2023-12-28 16:30:00
test_2023,overall,8759,2023-01-01 07:30:00,2023-12-31 16:30:00
