month,condition,evaluation_phase,n_month_samples,R2,MAE,MSE,RMSE,base_R2,base_MAE,base_MSE,base_RMSE
2022-01,overcast,before_update,162,0.5442922926043909,15.280483625921203,1097.2701181929456,33.12506782171088,0.5442922926043909,15.280483625921203,1097.2701181929456,33.12506782171088
2022-01,partly_cloudy,before_update,236,0.6843949003128142,95.02469471753653,19367.663784481974,139.16775411165466,0.6843949003128142,95.02469471753653,19367.663784481974,139.16775411165466
2022-01,clear_sky,before_update,191,0.8795895445256177,40.15766948679979,4200.043583149167,64.80774323450221,0.8795895445256177,40.15766948679979,4200.043583149167,64.80774323450221
2022-01,overall,before_update,589,0.9295080358253277,55.29945869731174,9423.997855121384,97.07727774881918,0.9295080358253277,55.29945869731174,9423.997855121384,97.07727774881918
2022-02,overcast,before_update,209,0.40937486809616663,19.178689357552802,2418.540483126502,49.178658817890735,0.42316942245957956,18.50260710587912,2362.0534046524426,48.6009609437143
2022-02,partly_cloudy,before_update,151,0.6817825952482094,125.46914660220115,23030.11495468726,151.75676246773077,0.742541584970835,110.26421198308073,18632.849132806234,136.5021946080217
2022-02,clear_sky,before_update,222,0.8964166473712334,42.03431131173898,4012.08871773805,63.34105081018194,0.8961730408987796,42.128567016876495,4021.524314819012,63.41548954962827
2022-02,overall,before_update,582,0.9437566835000477,55.47389059083671,8374.06531695715,91.50991922713708,0.9515312646909692,51.32213534762974,7216.508210508457,84.95003361099074
2022-03,overcast,before_update,293,0.390070771966606,11.45598082864854,571.5445030240918,23.906996947004696,0.3537862891968129,9.90554135956455,605.5454915306012,24.607833946339145
2022-03,partly_cloudy,before_update,254,0.6978137822467515,98.97666280100665,16262.093808886924,127.52291483842002,0.7023353960487906,99.37592353595524,16018.764022495547,126.5652559847905
2022-03,clear_sky,before_update,184,0.8922110791824488,47.83224800358648,4685.387425462982,68.4498898864197,0.8937962503038207,45.95869779068491,4616.4829333969155,67.94470496953325
2022-03,overall,before_update,731,0.9423575591478531,51.022993661983065,7059.0227812975745,84.01799081921428,0.9430783139883647,50.068684801602004,6970.757524592841,83.49106254320183
2022-04,overcast,before_update,285,-0.2257429871088401,13.501438876515941,721.1745673968906,26.85469358225654,0.09519415015155486,10.34032334371617,532.3489297554411,23.072687961211653
2022-04,partly_cloudy,before_update,286,0.8659584209633648,50.04623921267636,4948.80207504332,70.34772260026133,0.8248008900654586,59.423886749294255,6468.334117078945,80.42595425034723
2022-04,clear_sky,before_update,215,0.9514508461981179,24.951572648869004,1309.9883640105268,36.193761396275555,0.9517721050420681,26.106585409474928,1301.3199256454097,36.07381218620247
2022-04,overall,before_update,786,0.9810831949096067,29.93094480170397,2420.5338974971587,49.198921710715965,0.9773157503798182,32.51290028790633,2902.6040540440745,53.875820680933245
2022-05,overcast,before_update,298,-0.17207998218007492,14.098242367023989,981.2529043327331,31.324956573517117,0.06300862723549694,10.829214555305123,784.4392190281648,28.007842098743787
2022-05,partly_cloudy,before_update,380,0.907412295219661,46.7427386735615,4373.844847967927,66.13505007156135,0.8890661844099238,52.02147719232659,5240.51545434911,72.39140456123994
2022-05,clear_sky,before_update,207,0.9610832438313681,26.717716843609647,1114.6235914707431,33.385978965289354,0.9654800521381952,22.519702192665875,988.693613012923,31.44349874000861
2022-05,overall,before_update,885,0.9777568872330331,31.066761929891204,2469.1542272919896,49.690584895853156,0.975266938307472,31.250673021973864,2745.557443860712,52.39806717676437
2022-06,overcast,before_update,210,0.39198207966373344,9.643253508919761,282.5502567781539,16.80923129646784,0.5487216759696661,8.153422178398996,209.71225036042776,14.481445037026788
2022-06,partly_cloudy,before_update,413,0.9287800153050702,43.507937904708896,3210.845304196289,56.66432126299837,0.9146580832857669,48.481452715598934,3847.511252730069,62.02831009087761
2022-06,clear_sky,before_update,247,0.8101985489163424,20.119710698301493,750.9786585464561,27.40398982897301,0.8337157785311285,18.73888517680921,657.9291194201361,25.650129033206365
2022-06,overall,before_update,870,0.9842347896119774,28.69359785517057,1805.6395324338555,42.49281742169911,0.9819801216113443,30.302946284687383,2063.8738074137723,45.429877915461894
2022-07,overcast,before_update,210,0.4471636928741748,14.941402327659585,645.2317889918816,25.401413129821766,0.304048792859412,15.016051856676738,812.2654692651685,28.500271389324848
2022-07,partly_cloudy,before_update,491,0.8622812073603598,63.607431349589234,6095.2672641683985,78.0721926435296,0.8539367655630362,67.66035226017783,6464.582169927639,80.40262539200843
2022-07,clear_sky,before_update,198,0.6598091603511411,37.40178218032374,2363.040380517182,48.61111375516078,0.6368400005651427,38.17101364906388,2522.589215332634,50.22538417307163
2022-07,overall,before_update,899,0.9589449097943613,46.46773765646377,4000.174524735685,63.24693292750001,0.9561136322579447,48.86814744400898,4276.038107470543,65.3914222774711
2022-08,overcast,before_update,113,0.26672813711654764,28.29348210106909,1794.0251563720444,42.35593413409796,0.08599817438405066,29.20619698145748,2236.199629530325,47.28847248040822
2022-08,partly_cloudy,before_update,496,0.8525516582140455,66.78820803088527,6454.220428389612,80.33816296374727,0.8117972561642298,75.01572525885797,8238.152964155712,90.76427140761783
2022-08,clear_sky,before_update,234,0.9451073613820201,32.77585613218128,1880.60841774327,43.36598226425028,0.9250557597620366,39.3109677795671,2567.5714012174167,50.671208799646934
2022-08,overall,before_update,843,0.9496299638089337,52.18702846461485,4560.000646385782,67.52777685061001,0.9352747310191538,58.96425438637835,5859.580232791263,76.54789502521453
2022-09,overcast,before_update,177,-0.01453346911735709,13.451579352725023,731.6365641305752,27.048781194918472,0.17305890322735462,11.459987900856525,596.3532610781926,24.420345228480958
2022-09,partly_cloudy,before_update,327,0.8877183235495892,53.93583680365793,4998.444792370671,70.69968028478397,0.870119209541601,59.602388218637635,5781.90477038781,76.03883725036707
2022-09,clear_sky,before_update,226,0.9556865236905161,25.03081245759947,1256.3660369658242,35.44525408239902,0.9501456064682026,27.872343113992066,1413.4609162557153,37.5960226121822
2022-09,overall,before_update,730,0.97524342492586,35.171112048830075,2805.3833470008185,52.965869642637024,0.9720067096446212,38.10623061603879,3172.1637728786927,56.32196527890955
2022-10,overcast,before_update,262,0.2559260838979789,21.89978030500294,2646.785960313651,51.44692372060404,0.146567243924278,23.17448169345619,3035.7922619925444,55.098024120584796
2022-10,partly_cloudy,before_update,161,0.6301298394344745,123.87012346634954,22882.105053046947,151.26832137974873,0.6323268252166004,119.72057972783628,22746.18800748212,150.81839412844218
2022-10,clear_sky,before_update,252,0.9551659825167943,23.916391766260542,1419.1944810451944,37.67219771987287,0.954171815808345,25.43091571141803,1450.6642440749897,38.08758648267162
2022-10,overall,before_update,675,0.9511424067390208,46.97446376754178,7014.983473134998,83.75549816659799,0.950234746447225,47.044915998732606,7145.305527931207,84.52990907324582
2022-11,overcast,before_update,206,0.5517344340371936,23.80800156714847,2164.5330806493275,46.52454277743445,0.4937802621885585,22.359788570516898,2444.375503652693,49.44062604430382
2022-11,partly_cloudy,before_update,165,0.7714431296477634,113.27251751061642,17245.071688970012,131.32049226594458,0.7735434778463414,111.25425305222021,17086.596228571667,130.7157076581528
2022-11,clear_sky,before_update,209,0.945993816429717,25.817420886464095,1570.22434106531,39.62605634005622,0.9432330595098334,26.26410623942836,1650.4930701030546,40.62626084324097
2022-11,overall,before_update,580,0.9544813445776836,49.98319771957809,6240.5302251318335,78.99702668538755,0.953874238619949,49.05563172962645,6323.763419169513,79.52209390584174
2022-12,overcast,before_update,228,-0.2075722499957009,13.368507954373694,1149.8721834606404,33.90976531119967,0.03620040565786786,10.549809790363437,917.7474424148222,30.29434670717991
2022-12,partly_cloudy,before_update,226,0.796468511058048,89.0463023227928,13388.722245051278,115.70964629213624,0.7286875469444996,102.48824493441961,17847.49423525133,133.59451424085995
2022-12,clear_sky,before_update,135,0.9467438742130202,44.65355235382363,4280.593129799664,65.42624190490895,0.9653062929738471,38.65410432462339,2788.5927064514417,52.80712742094046
2022-12,overall,before_update,589,0.945860985399335,49.57676350817413,6563.5011166953645,81.0154375208538,0.9353110610133424,52.26825818540892,7842.512953155051,88.55796380425112
